Acondicionador Hidratación Intensa TRESemmé  900 ml|5.15|TRESemmé|https://static.ulabox.com/media/142305/acondicionador-hidratacion-intensa-tresemme-900-ml_m1.jpg
L'Oreal Paris Elvive Phytoclear Anticaspa - Exfoliante Pre-Champú Cuero Cabelludo|5.19|Elvive|https://static.ulabox.com/media/84940/l-oreal-paris-elvive-phytoclear-anticaspa-exfoliante-pre-champu-cuero-cabelludo_m1.jpg
Giorgi Aceite De Belleza 100 Ml.|4.89|Giorgi|https://static.ulabox.com/media/69716/giorgi-aceite-de-belleza-100-ml_m1.jpg
Crema Giorgi Sublime Melena Control 150 ml|3.49|Giorgi|https://static.ulabox.com/media/121440/crema-giorgi-sublime-melena-control-150-ml_m1.jpg
Champú ColourSafe Cabellos Negros NaturVital|4.79|NaturVital|https://static.ulabox.com/media/54215/champu-coloursafe-cabellos-negros-naturvital_m1.jpg
Champú Fortificante Fructis Fuerza y Brillo 2 en 1 360ml Garnier|3.39|Fructis|https://static.ulabox.com/media/84911/champu-fortificante-fructis-fuerza-y-brillo-2-en-1-360ml-garnier_m1.jpg
Champú Fortificante Hidra Rizos Fructis 700ml|6.15|Fructis|https://static.ulabox.com/media/84958/champu-fortificante-hidra-rizos-fructis-700ml_m1.jpg
Champú Leche de Coco OGX 385ml|8.09|OGX|https://static.ulabox.com/media/131481/champu-leche-de-coco-ogx-385ml_m1.jpg
Champú Iluminador con Camomila Klorane 400ml|16.29|Klorane|https://static.ulabox.com/media/44009/champu-iluminador-con-camomila-klorane-400ml_m1.jpg
Champu para Cabello Graso con Ortiga 400ml|16.09|Klorane|https://static.ulabox.com/media/44550/champu-para-cabello-graso-con-ortiga-400ml_m1.jpg
Pilexil Champú Anticaída|11.9|Pilexil|https://static.ulabox.com/media/43755/pilexil-champu-anticaida_m1.jpg
Pilexil Champú Anticaída|15.11|Pilexil|https://static.ulabox.com/media/44093/pilexil-champu-anticaida_m1.jpg
Champú Niños Garnier Ultra Suave Albaricoque|3.39|Garnier|https://static.ulabox.com/media/30395/champu-ninos-garnier-ultra-suave-albaricoque_m1.jpg
Champú Johnson's Baby Clásico 500ml|3.25|Johnson's baby|https://static.ulabox.com/media/121753/champu-johnsons-baby-clasico-500ml_m1.jpg
Champú Ultrasuave Lotigen|10.99|Lab. Interpharma|https://static.ulabox.com/media/109042/champu-ultrasuave-lotigen_m1.jpg
Psorisdin Control Champú Isdin Psoriatic Skin|16.19|Psorisdin|https://static.ulabox.com/media/101103/psorisdin-control-champu-isdin-psoriatic-skin_m1.jpg
Nutradeica Champú Anticaspa para Cabello Graso|18.19|Nutradeica|https://static.ulabox.com/media/101135/nutradeica-champu-anticaspa-para-cabello-graso_m1.jpg
Sebacur Champú|15.99|Sebacur|https://static.ulabox.com/media/99094/sebacur-champu_m1.jpg
Sensinol Champú para Piel Sensible|13.65|Ducray|https://static.ulabox.com/media/44353/sensinol-champu-para-piel-sensible_m1.jpg
Multidermol Champú Suave|11.09|Multidermol|https://static.ulabox.com/media/44483/multidermol-champu-suave_m1.jpg
Acondicionador Pantene Color Protect 300 ml|4.79|Pantene|https://static.ulabox.com/media/47698/acondicionador-pantene-color-protect-300-ml_m1.jpg
Acondicionador Botanique Coco TRESemmé  700 ml|5.45|TRESemmé|https://static.ulabox.com/media/106647/acondicionador-botanique-coco-tresemme-700-ml_m1.jpg
Acondicionador H&S Supreme Color 220ml|4|H&S|https://static.ulabox.com/media/133900/acondicionador-h-s-supreme-color-220ml_m1.jpg
Acondicionador H&S Supreme Repara 220ml|3.99|H&S|https://static.ulabox.com/media/133901/acondicionador-h-s-supreme-repara-220ml_m1.jpg
Acondicionador Biotina y Colágeno OGX 385ml|8.19|OGX|https://static.ulabox.com/media/131480/acondicionador-biotina-y-colageno-ogx-385ml_m1.jpg
Acondicionador Aceite de Argán Marroquí OGX 88ml|2.09|OGX|https://static.ulabox.com/media/133216/acondicionador-aceite-de-argan-marroqui-ogx-88ml_m1.jpg
Mascarilla Coloursafe cabellos Caoba NaturVital|5.49|NaturVital|https://static.ulabox.com/media/64050/mascarilla-coloursafe-cabellos-caoba-naturvital_m1.jpg
Mascarilla TRESemmé Hidratación Intensa|5|TRESemmé|https://static.ulabox.com/media/56169/tresemme-mascarilla-hidratante-con-vitamina-e-para-pelo-seco_m1.jpg
Mascarilla Oliva Mítica Original Remedies Garnier|3.7|Original Remedies|https://static.ulabox.com/media/50231/mascarilla-oliva-mitica-original-remedies-garnier_m1.jpg
Spray Reavivador de Rizos Syoss Rizos Control 100ml|5.3|Syoss|https://static.ulabox.com/media/112404/spray-reavivador-de-rizos-syoss-rizos-control-100ml_m1.jpg
Coloración Permanente ColourSafe Rubio 7 NaturVital|8.05|NaturVital|https://static.ulabox.com/media/64047/coloracion-permanente-coloursafe-rubio-7-naturvital_m1.jpg
Coloración Permanente nº 7 Rubio de Excellence|7.95|L'Oréal Paris|https://static.ulabox.com/media/41301/coloracion-permanente-n-7-rubio-de-excellence_m1.jpg
Coloración Permanente nº 9 Rubio Claro Claro de Excellence|7.95|L'Oréal Paris|https://static.ulabox.com/media/41315/coloracion-permanente-n-9-rubio-claro-claro-de-excellence_m1.jpg
Coloración Permanente nº1 Negro de Excellence|7.95|L'Oréal Paris|https://static.ulabox.com/media/86303/coloracion-permanente-n-1-negro-de-excellence_m1.jpg
Coloración Permanente nº9.1 Rubio Claro Ceniza de Excellence|7.95|L'Oréal Paris|https://static.ulabox.com/media/41248/coloracion-permanente-n-9-1-rubio-claro-ceniza-de-excellence_m1.jpg
Coloración Permanente nº 7.3 Rubio Dorado de Excellence|7.95|L'Oréal Paris|https://static.ulabox.com/media/48925/coloracion-permanente-n-7-3-rubio-dorado-de-excellence_m1.jpg
Coloración Color Sensation 110 Rubio Extra Claro Garnier|3.65|Garnier|https://static.ulabox.com/media/40611/coloracion-color-sensation-110-rubio-extra-claro-garnier_m1.jpg
Coloración Color Sensation nº1.0 Ultra Negro de Garnier|3.65|Garnier|https://static.ulabox.com/media/40619/coloracion-color-sensation-n-1-0-ultra-negro-de-garnier_m1.jpg
Coloración Color Sensation nº6.60 Rojo Intenso de Garnier|3.65|Garnier|https://static.ulabox.com/media/40594/coloracion-color-sensation-n-6-60-rojo-intenso-de-garnier_m1.jpg
Just For Men Castaño Oscuro|8.75|Just For Men|https://static.ulabox.com/media/44469/just-for-men-castano-oscuro_m1.jpg
Just For Men Castaño Claro|8.99|Just For Men|https://static.ulabox.com/media/43973/just-for-men-castano-claro_m1.jpg
Just For Men Moreno|8.75|Just For Men|https://static.ulabox.com/media/44535/just-for-men-moreno_m1.jpg
Just For Men Negro|8.75|Just For Men|https://static.ulabox.com/media/43568/just-for-men-negro_m1.jpg
Gel Coloración Temporal Rosa Pastel L´Oréal Paris|9.93|Colorista|https://static.ulabox.com/media/104293/gel-coloracion-temporal-rosa-pastel-l-oreal-paris_m1.jpg
Gel Coloración Temporal Amarillo Pastel L´Oréal Paris|9.93|Colorista|https://static.ulabox.com/media/104327/gel-coloracion-temporal-amarillo-pastel-l-oreal-paris_m1.jpg
Color Remover L´Oréal Paris Colorista|9.93|Colorista|https://static.ulabox.com/media/104301/color-remover-l-oreal-paris-colorista_m1.jpg
Gel Coloración Temporal Verde L´Oréal Paris|9.93|Colorista|https://static.ulabox.com/media/104296/gel-coloracion-temporal-verde-l-oreal-paris_m1.jpg
Gel Coloración Temporal Azul Océano L´Oréal Paris|9.93|Colorista|https://static.ulabox.com/media/104250/gel-coloracion-temporal-azul-oceano-l-oreal-paris_m1.jpg
Tinte Rosa L´Oréal Paris Colorista Paint|9.93|Colorista|https://static.ulabox.com/media/104290/tinte-rosa-l-oreal-paris-colorista-paint_m1.jpg
Coloración Permanente 7.0 Smoky Blond Schwarzkopf Pure Color|5.95|Pure Color|https://static.ulabox.com/media/99901/coloracion-permanente-7-0-smoky-blond-schwarzkopf-pure-color_m1.jpg
Colorante Permanente 8.65 Rubio Claro ámbar|5.89|Keratin Color|https://static.ulabox.com/media/60243/colorante-permanente-8-65-rubio-claro-ambar_m1.jpg
Grecian 2000 Hombres|10.4|Grecian|https://static.ulabox.com/media/43914/grecian-2000-hombres_m1.jpg
Llongueras Men Advance - 3 Castaño Ceniza|9.05|Men Advance|https://static.ulabox.com/media/1095/llongueras-men-advance-3-castano-ceniza_m1.jpg
Llongueras Men Advance - 1 Negro|9.08|Men Advance|https://static.ulabox.com/media/1104/llongueras-men-advance-1-negro_m1.jpg
Llongueras Men Advance - 2 Castaño Oscuro|9.05|Men Advance|https://static.ulabox.com/media/1105/llongueras-men-advance-2-castano-oscuro_m1.jpg
Laca Suave y Liso Pantene Pro-V 300 ml|3.95|Pantene|https://static.ulabox.com/media/129690/laca-suave-y-liso-pantene-pro-v-300-ml_m1.jpg
Laca de fijación ultra fuerte Pantene Pro-V 300 ml|3.75|Pantene|https://static.ulabox.com/media/4480/laca-de-fijacion-ultra-fuerte-pantene-pro-v-300-ml_m1.jpg
Laca ligera Perfect Volume Pantene Pro-V 250 ml|3.55|Pantene|https://static.ulabox.com/media/66124/laca-ligera-perfect-volume-pantene-pro-v-250-ml_m1.jpg
Laca de fijación ultra fuerte Pantene Pro-V 250 ml|3.01|Pantene|https://static.ulabox.com/media/129677/laca-de-fijacion-ultra-fuerte-pantene-pro-v-250-ml_m1.jpg
Espuma ligera Perfect Volume Pantene Pro-V 250 ml|3.65|Pantene|https://static.ulabox.com/media/59765/espuma-ligera-perfect-volume-pantene-pro-v-250-ml_m1.jpg
Espuma Rizos Definidos Pantene Pro-V 250 ml|3.46|Pantene|https://static.ulabox.com/media/107080/espuma-rizos-definidos-pantene-pro-v-250-ml_m1.jpg
Laca ligera Volume Creation Pantene Pro-V 300 ml|4.2|Pantene|https://static.ulabox.com/media/114966/laca-ligera-volume-creation-pantene-pro-v-300-ml_m1.jpg
Gel Fijador Fructis Hard Cemento Garnier|3.39|Fructis|https://static.ulabox.com/media/40380/gel-fijador-fructis-hard-cemento-garnier_m1.jpg
Espuma Fructis Hidra-Rizos 5 Acciones Garnier|2.95|Fructis|https://static.ulabox.com/media/41480/espuma-fructis-hidra-rizos-5-acciones-garnier_m1.jpg
Laca Fijación Normal de Elnett|6.9|L'Oréal Paris|https://static.ulabox.com/media/41275/laca-fijacion-normal-de-elnett_m1.jpg
Laca Fijación Fuerte de Elnett|6.9|L'Oréal Paris|https://static.ulabox.com/media/41259/laca-fijacion-fuerte-de-elnett_m1.jpg
Espuma Syoss Rizos Control 250ml|3.8|Syoss|https://static.ulabox.com/media/112403/espuma-syoss-rizos-control-250ml_m1.jpg
Giorgi Espuma Fijadora Hidratante Rizo Marcado Fuerza 4|2.3|Giorgi|https://static.ulabox.com/media/130502/giorgi-espuma-fijadora-hidratante-rizo-marcado-fuerza-4_m1.jpg
Giorgi Espuma Perfect Fix 210 Ml.|2.25|Giorgi|https://static.ulabox.com/media/67927/giorgi-espuma-perfect-fix-210-ml_m1.jpg
Giorgi Cera en Gel Look Natural 145 ml.|3.15|Giorgi|https://static.ulabox.com/media/89290/giorgi-cera-en-gel-look-natural-145-ml_m1.jpg
Fijación Giorgi Pro Ultimate Volumen Textura 250 ml|2.95|Giorgi|https://static.ulabox.com/media/121430/fijacion-giorgi-pro-ultimate-volumen-textura-250-ml_m1.jpg
Fijación Giorgi Pro Ultimate Toque Final 3 300 ml|3.89|Giorgi|https://static.ulabox.com/media/121438/fijacion-giorgi-pro-ultimate-toque-final-3-300-ml_m1.jpg
Fijación Giorgi Pro Ultimate Toque Final 5 300 ml|3.89|Giorgi|https://static.ulabox.com/media/121445/fijacion-giorgi-pro-ultimate-toque-final-5-300-ml_m1.jpg
Gel Fijador Giorgi Titanium 150 ml|2.26|Giorgi|https://static.ulabox.com/media/127363/gel-fijador-giorgi-titanium-150-ml_m1.jpg
Laca Micaderm Fuerte 400ml|1.54|Micaderm|https://static.ulabox.com/media/110710/laca-micaderm-fuerte-400ml_m1.jpg
Champú Anticaída Forbald|15.99|Lab. Interpharma|https://static.ulabox.com/media/109033/champu-anticaida-forbald_m1.jpg
Lambdapil Anticaída Loción|43.99|Lab. Isdin|https://static.ulabox.com/media/101077/lambdapil-anticaida-locion_m1.jpg
Kaidax Champu Anticaída|11.75|Kaidax|https://static.ulabox.com/media/44324/kaidax-champu-anticaida_m1.jpg
