Effaclar MAT Hidratante Sebo-Reguladora La Roche Posay;15.82;La Roche Posay
Hydraphase Tratamiento Hidratante Intensivo La Roche Posay;23.9;La Roche Posay
Hydreane Ligera Crema Hidratante para Piel Sensible La Roche Posay;16.46;La Roche Posay
Toleriane Ultra Tratamiento Calmante La Roche Posay;19.63;La Roche Posay
Rosaliac SPF 15 Hidratante Anti-Rojeces La Roche Posay;20.74;La Roche Posay
Avène Eau Thermale Crema Pieles Intolerantes;21.69;Avène
Crema Denseal Avène 100ml;23.25;Avène
Avène Tolerance Extreme Crema Hidratante 50ml;22.99;Avène
Xhekpon Crema Facial;6.75;Xhekpon
Endocare Day Spf 30;31.49;Endocare
Gelcrem Biorepar Endocare 30ml;36.69;Endocare
Crema Endocare Tensage Endocare 50ml;50.39;Endocare
Leti At-4 Crema Facial para Piel Atópica;13.6;Leti
Leti At4 Facial Spf 20;14.45;Leti
Ureadin Crema Hidratante Piel Seca;18.35;Ureadin
Ureadin Antiarru Corr SPF 15;22.1;Ureadin
C-Vit Liposomal Serum;35.6;C-Vit
Neutrogena Comfort Bálsamo Duplo 300ml + 300ml;19.71;Neutrogena
Theavit Renova Fte;32.45;Theavit Renova
Theavit Renova Emulsión Antienvejecimiento;28.39;Theavit Renova
Crema Despigmen Martiderm 30ml;28.49;Martiderm
Proteglicanos FPS Martiderm 30uds;39.09;Martiderm
Martiderm Photo Age Ampollas;29.75;Martiderm
Tratamiento Facial Proteoglicano Martiderm 10uds;16.19;Martiderm
Proteoglicanos FPS Martiderm 10uds;16.19;Martiderm
Lotalia Liposomial Antienvejecimiento;33.99;Liposomial
Neostrata Gel Forte Despigmentación;33.55;Neostrata
Repavar Revita Vit C Activa;24.06;Repavar
Germinal 1,5 Ml;20.95;Germinal
Germinal Ampollas;13.35;Germinal
Rosaderm Gel Crema;13.65;Rosaderm
Aderma Rheacalm Emulsión Ligera 40ml;19.65;Addermis
Seboders Gel Limpiador Facial;15.89;Seboders
Physiogel A.I.Crema Hipoale;17.55;Lab. Glaxo Smithklin
Physiogel Crema;20.35;Physiogel
Neoretin Discrom Gel Spf 50;36.89;Neoretin
Neoretin Discrom Serum Fluido;36.89;Neoretin
Vea Lipogel;18.89;Lab. Chelin Pharma
Vea Olio;14.35;Lab. Chelin Pharma
Vea Oris;14.35;Lab. Chelin Pharma
Tanit Plus Crema;17.99;Tanit
Kelyane Labios;8.39;Kelyane
Xhekpon Contorno Ojos;17.65;Xhekpon
Máscara Pestañas Belcils Incolora Hidratante;11.19;Belcils
Belcils Crecimien Pestañas;11.05;Belcils
Belcils Desmaquillador Ojos;9.09;Belcils
Belcils Lapiz Perfilador Negro;7.99;Belcils
Máscara Pestañas Negra Belcils;12.89;Belcils
Belcils Máscara Extra Volumen;12.95;Belcils
Systane Balance Gotas;17.69;Systane
Systane Ultra Gotas Oftálmicas;11.79;Systane
Complemento Nutricional Brudy Macula (Pack 60 x 1.5g);32.89;Lab. Brudy
Complemento Nutricional Brudy Opia (Pack 30 x 1.5g);26.39;Lab. Brudy
Complemento Nutricional Brudy Retina (Pack 30 x 1.5g);26.29;Lab. Brudy
Complemento Nutricional Brudy Sec (Pack 90 x 1.5g);51.59;Lab. Brudy
Complemento Nutricional Brudy Sec (Pack 30 x 1.5g);20.99;Lab. Brudy
Lágrima Artificial Vismed Multi;16.45;Lab. Brudy
Lubricante Vismed Ocular (Pack 20 und);17.49;Lab. Brudy
Lephanet Toallita Limpiadora Párpados;14.99;Lephadosis
Optiben;5.69;Optiben
Hyluprotect Solución para los Ojos;8.99;Lab. Thea
Thealoz para Ojos Secos;13.55;Lab. Thea
Estila Toallitas;16.39;Angelini Farmaceuti
Lágrima Artificial Artelac Splash (Pack 30 x 0,5ml);15.95;Lab. Bausch & Lomb
Blefarix Gel Párpados y Pestañas;8.25;Blefarix
Blefarix Toallitas 2,5ml;15.99;Blefarix
Blefarix Toallitas;8.55;Blefarix
Blefarix Vitaliza Pestaña;7.29;Blefarix
Aquoral Gotas Oftalmológicas;11.09;Aquoral
Lágrima Artificial Optava Fusión;17.49;Lab. Allergan
Lágrima Artificial Optava Solucion;17.69;Lab. Allergan
Recugel;15.49;Recugel
Toallitas Higiene Ocular Cumlaude 16uds;7.79;Cumlaude
Lágrima Artificial Hylo-Comodo;13.69;Lab. Brill Pharma
Relive Iso;12.49;Relive
Ocuderm Reduct Bolsa Ojos;9.39;Ocuderm
Hyaluronic-Drop Advanced-Artelac Spl;14.89;Hyal Drop
Relive Hypo Gotas Oftálmicas;13.89;Lab. Salvat
Relive Visco Gotas Oftálmicas;12.49;Lab. Salvat
Phylarm Monodosis;5.49;Lab. Lca
Lephasol Locion;14.79;Lephasol
Effaclar Gel Limpiador Purificante La Roche Posay;14.44;La Roche Posay
Leche Limpiadora Avène 200ml;19.79;Avène
Pan Limpiador al Cold Cream de Avène;8.29;Avène
Avène Loción Limpiadora para Piel Intolerante;17.15;Avène
Limpiador Cleanance Avène Gel 200ml;16.89;Avène
Comodynes Toallitas Desmaquillantes;4.09;Comodynes
Toallitas Desmaquillantes Comodynes Avena (Pack 20 und);4.15;Comodynes
Germisdin Higiene Facial;13.99;Isdin
Ureadin Ultra 40 Gel Oil Exfoliante;13.49;Ureadin Rx
Tensoderm Scrub Exfoliante;12.09;Tensoderm
Cetaphil Loción Limpiador 200ml;16.39;Cetaphil
Cetaphil Loción Limpiador 500ml;23.45;Cetaphil
Gel Limpiador Bactopur Lutsine 200ml;19.8;Lutsine
Acnilaude C-Cleansing Treatment;15.49;Cumlaude
Sebamed Clear Face Limpiador en Pastilla Limón;8.99;Sebamed
Sato Detergente Líquido;16.69;Sato
Sato Detergente Sólido;12.65;Sato
Epixelle Solución Limpiadora;17.59;Epixelle
Kerium DS Crema Calmante Pro-Descamante La Roche Posay;16.19;La Roche Posay
Avène Agua Termal Spray;3.29;Avène
Avène Triacneal Emulsion contra Imperfecciones 30ml;22.95;Avène
Avène Xeracalm Crema Relip 200ml;21.95;Avène
Avène Cleanance Emulsion contra Imperfecciones;17.99;Avène
Avène Cicalfate Loción Secante;11.99;Avène
Leti Sr Crema Antirojeces;23.59;Leti
Cicapost Isdin Crema 50 G;13.59;Isdin
Neostrata Gel Forte;42.59;Neostrata
Neostrata Salizinc Gel;27.69;Neostrata
Repavar Regenera Aceite;11.03;Repavar
Repavar Regenera Gel de Cánula;13.05;Repavar
Gel Mask Plus 30ml;29.29;Mask Plus
Crema Facial Gel Nutradeica 50 ml;13.49;Nutradeica
Bepanthol Crema (Grande);15.99;Bepanthol
Bepanthol Crema;8.79;Bepanthol
Emulsión Anti Irritaciones Kelual Ducray 50ml;12.79;Ducray
Regeneradora Facial Glaan Intensive;17.29;Lab. Rottapharm
Sebumlaude Seborreic Skin;14.79;Cumlaude
Psorisdin Smooth Crema Diaria Isdin Psoriatic Skin;13.49;Psorisdin
Aderma Epitelial Crema 40ml;12.99;Addermis
Mepentol Pulverizador;34.69;Mepentol
Mepentol Leche Fras Dosf;41.39;Mepentol
Mepentol Leche Frasco Dosificador;28.99;Mepentol
Mepentol Pulverizador;13.69;Mepentol
Crema Gel Rosacure Fast 30ml;28.89;Rosacure
Eryfotona AK-NMSC Fluid;26.39;Eryfotona
Dermatix Gel Silicona Cicatrizante;41.59;Dermatix
Corpitol Emulsion;43.89;Corpitol
Corpitol Gotas;14.29;Corpitol
Sebacur Gel;22.29;Sebacur
Letibalm Fluido Reparador;6.35;Leti
Acniben Rx Reparador Labial Isdin;10.35;Isdin
Neutrogena Bálsamo Regenerador Nariz/Labios;7.37;Neutrogena
Neutrogena Reparador Nariz y Labios 15ml;8.39;Neutrogena
Urgo Aftas;12.69;Urgo
Urgo Calenturas;14.35;Urgo
Elbel Protector Labial F 6 Hidratante;3.19;Eibel
Polvo Compacto Avène Dorado SPF50;22.79;Avène
Polvo Compacto Avène Arena SPF50;24.29;Avène
Cápsulas de Heliocare;27.47;HelioCare
Revidox Cápsulas;55.79;Revidox
Heliocare Ultra D;28.89;HelioCare
Vigorcap 30 sobres;28.59;Lab. Viñas
Vigorcap 90 cápsulas;27.59;Lab. Viñas
Vigornail 30 Sobres;28.59;Lab. Viñas
Keravit Cápsulas;22.19;Lab. Serra Pamies
Elteans;22.09;Lab.  Jaldes
Silettum;19.05;Lab.  Jaldes
Suplemento Alimenticio Heliocare 360º 30uds;33.65;HelioCare
Polvo Compacto Heliocare Brown SPF 50+ 10gr;21.69;HelioCare
Polvo Compacto Heliocare Light SPF 50+ 10gr;21.69;HelioCare
Polvo Compacto Heliocare Oil Free Browm SPF 50+ 10gr;21.69;HelioCare
Polvo Compacto Heliocare Oil Free Light SPF 50+ 10gr;24.99;HelioCare
